Booking Title,Booked For,Booking Status,Start Time,End Time,Booking Length,Calendar Name,Calendar Type,Kitchen Name
The Cult Pantry,The Cult Pantry,Approved,"Sep  4, 2026 08:00","Sep  4, 2026 15:00",7.0,Community Futures Shared Commercial Kitchen,Space,Zest Commercial Food Hub
The Cult Pantry,The Cult Pantry,Approved,"Sep  4, 2026 08:00","Sep  4, 2026 15:00",7.0,Blast Chiller,Equipment,Zest Commercial Food Hub
The Cult Pantry,The Cult Pantry,Approved,"Sep  4, 2026 08:00","Sep  4, 2026 15:00",7.0,20 Quart Mixer,Equipment,Zest Commercial Food Hub
The Cult Pantry,The Cult Pantry,Approved,"Aug 25, 2026 09:00","Aug 25, 2026 15:00",6.0,20 Quart Mixer,Equipment,Zest Commercial Food Hub
The Cult Pantry,The Cult Pantry,Approved,"Aug 25, 2026 08:00","Aug 25, 2026 15:00",7.0,Community Futures Shared Commercial Kitchen,Space,Zest Commercial Food Hub
The Cult Pantry,The Cult Pantry,Approved,"Aug 25, 2026 08:00","Aug 25, 2026 13:00",5.0,Blast Chiller,Equipment,Zest Commercial Food Hub
The Cult Pantry,The Cult Pantry,Approved,"Aug 24, 2026 08:00","Aug 24, 2026 16:00",8.0,Community Futures Shared Commercial Kitchen,Space,Zest Commercial Food Hub
The Cult Pantry,The Cult Pantry,Approved,"Aug 24, 2026 08:00","Aug 24, 2026 16:00",8.0,Blast Chiller,Equipment,Zest Commercial Food Hub
The Cult Pantry,The Cult Pantry,Approved,"Aug 24, 2026 08:00","Aug 24, 2026 16:00",8.0,20 Quart Mixer,Equipment,Zest Commercial Food Hub
The Cult Pantry,The Cult Pantry,Approved,"Aug 21, 2026 06:00","Aug 21, 2026 12:00",6.0,Zest Commercial Kitchen 3 (Non grease laden production),Space,Zest Commercial Food Hub
The Cult Pantry,The Cult Pantry,Approved,"Aug 21, 2026 06:00","Aug 21, 2026 12:00",6.0,Blast Chiller,Equipment,Zest Commercial Food Hub
The Cult Pantry,The Cult Pantry,Approved,"Aug 21, 2026 06:00","Aug 21, 2026 12:00",6.0,20 Quart Mixer,Equipment,Zest Commercial Food Hub
The Cult Pantry,The Cult Pantry,Approved,"Aug 19, 2026 17:00","Aug 19, 2026 23:30",6.5,Zest Commercial Kitchen 3 (Non grease laden production),Space,Zest Commercial Food Hub
The Cult Pantry,The Cult Pantry,Approved,"Aug 19, 2026 17:00","Aug 19, 2026 23:30",6.5,Blast Chiller,Equipment,Zest Commercial Food Hub
The Cult Pantry,The Cult Pantry,Approved,"Aug 19, 2026 17:00","Aug 19, 2026 23:30",6.5,20 Quart Mixer,Equipment,Zest Commercial Food Hub
The Cult Pantry,The Cult Pantry,Approved,"Aug 17, 2026 15:00","Aug 17, 2026 22:00",7.0,Zest Commercial Kitchen 3 (Non grease laden production),Space,Zest Commercial Food Hub
The Cult Pantry,The Cult Pantry,Approved,"Aug 17, 2026 15:00","Aug 17, 2026 22:00",7.0,Blast Chiller,Equipment,Zest Commercial Food Hub
The Cult Pantry,The Cult Pantry,Approved,"Aug 17, 2026 15:00","Aug 17, 2026 22:00",7.0,20 Quart Mixer,Equipment,Zest Commercial Food Hub
The Cult Pantry,The Cult Pantry,Approved,"Aug 13, 2026 06:00","Aug 13, 2026 12:00",6.0,Zest Commercial Kitchen 3 (Non grease laden production),Space,Zest Commercial Food Hub
The Cult Pantry,The Cult Pantry,Approved,"Aug 13, 2026 06:00","Aug 13, 2026 12:00",6.0,20 Quart Mixer,Equipment,Zest Commercial Food Hub
The Cult Pantry,The Cult Pantry,Approved,"Aug 11, 2026 08:00","Aug 11, 2026 14:00",6.0,Community Futures Shared Commercial Kitchen,Space,Zest Commercial Food Hub
The Cult Pantry,The Cult Pantry,Approved,"Aug 11, 2026 08:00","Aug 11, 2026 14:00",6.0,20 Quart Mixer,Equipment,Zest Commercial Food Hub
The Cult Pantry,The Cult Pantry,Approved,"Aug 11, 2026 08:00","Aug 11, 2026 13:00",5.0,Blast Chiller,Equipment,Zest Commercial Food Hub
The Cult Pantry,The Cult Pantry,Approved,"Aug 10, 2026 07:00","Aug 10, 2026 15:00",8.0,Community Futures Shared Commercial Kitchen,Space,Zest Commercial Food Hub
The Cult Pantry,The Cult Pantry,Approved,"Aug 10, 2026 07:00","Aug 10, 2026 15:00",8.0,Blast Chiller,Equipment,Zest Commercial Food Hub
The Cult Pantry,The Cult Pantry,Approved,"Aug 10, 2026 07:00","Aug 10, 2026 15:00",8.0,20 Quart Mixer,Equipment,Zest Commercial Food Hub
The Cult Pantry,The Cult Pantry,Approved,"Aug  7, 2026 08:00","Aug  7, 2026 16:00",8.0,Community Futures Shared Commercial Kitchen,Space,Zest Commercial Food Hub
The Cult Pantry,The Cult Pantry,Approved,"Aug  7, 2026 08:00","Aug  7, 2026 14:00",6.0,Blast Chiller,Equipment,Zest Commercial Food Hub
The Cult Pantry,The Cult Pantry,Approved,"Aug  7, 2026 08:00","Aug  7, 2026 14:00",6.0,20 Quart Mixer,Equipment,Zest Commercial Food Hub
The Cult Pantry,The Cult Pantry,Approved,"Aug  4, 2026 20:30","Aug  5, 2026 00:30",4.0,Community Futures Shared Commercial Kitchen,Space,Zest Commercial Food Hub
The Cult Pantry,The Cult Pantry,Approved,"Aug  4, 2026 20:30","Aug  5, 2026 00:30",4.0,20 Quart Mixer,Equipment,Zest Commercial Food Hub
The Cult Pantry,The Cult Pantry,Cancelled,"Aug  3, 2026 08:00","Aug  3, 2026 14:00",6.0,Zest Commercial Kitchen 3 (Non grease laden production),Space,Zest Commercial Food Hub
The Cult Pantry,The Cult Pantry,Cancelled,"Aug  3, 2026 08:00","Aug  3, 2026 14:00",6.0,Large Immersion Blender,Equipment,Zest Commercial Food Hub
The Cult Pantry,The Cult Pantry,Cancelled,"Aug  3, 2026 08:00","Aug  3, 2026 14:00",6.0,20 Quart Mixer,Equipment,Zest Commercial Food Hub
The Cult Pantry,The Cult Pantry,Billed,"Jul 27, 2026 08:00","Jul 27, 2026 14:00",6.0,Zest Commercial Kitchen 3 (Non grease laden production),Space,Zest Commercial Food Hub
The Cult Pantry,The Cult Pantry,Billed,"Jul 27, 2026 08:00","Jul 27, 2026 14:00",6.0,Large Immersion Blender,Equipment,Zest Commercial Food Hub
The Cult Pantry,The Cult Pantry,Billed,"Jul 27, 2026 08:00","Jul 27, 2026 14:00",6.0,20 Quart Mixer,Equipment,Zest Commercial Food Hub
The Cult Pantry,The Cult Pantry,Billed,"Jul 27, 2026 08:00","Jul 27, 2026 14:00",6.0,Large robo coup,Equipment,Zest Commercial Food Hub
The Cult Pantry,The Cult Pantry,Billed,"Jul 27, 2026 08:00","Jul 27, 2026 14:00",6.0,Blast Chiller,Equipment,Zest Commercial Food Hub
The Cult Pantry,The Cult Pantry,Billed,"Jul 21, 2026 07:00","Jul 21, 2026 15:00",8.0,Zest Commercial Kitchen 3 (Non grease laden production),Space,Zest Commercial Food Hub
The Cult Pantry,The Cult Pantry,Billed,"Jul 21, 2026 07:00","Jul 21, 2026 15:00",8.0,Blast Chiller,Equipment,Zest Commercial Food Hub
The Cult Pantry,The Cult Pantry,Billed,"Jul 21, 2026 07:00","Jul 21, 2026 15:00",8.0,20 Quart Mixer,Equipment,Zest Commercial Food Hub
The Cult Pantry,The Cult Pantry,Billed,"Jul 20, 2026 08:00","Jul 20, 2026 14:00",6.0,Zest Commercial Kitchen 3 (Non grease laden production),Space,Zest Commercial Food Hub
The Cult Pantry,The Cult Pantry,Billed,"Jul 20, 2026 08:00","Jul 20, 2026 14:00",6.0,Large Immersion Blender,Equipment,Zest Commercial Food Hub
The Cult Pantry,The Cult Pantry,Billed,"Jul 20, 2026 08:00","Jul 20, 2026 14:00",6.0,20 Quart Mixer,Equipment,Zest Commercial Food Hub
The Cult Pantry,The Cult Pantry,Billed,"Jul 20, 2026 08:00","Jul 20, 2026 14:00",6.0,Large robo coup,Equipment,Zest Commercial Food Hub
The Cult Pantry,The Cult Pantry,Billed,"Jul 20, 2026 08:00","Jul 20, 2026 14:00",6.0,Blast Chiller,Equipment,Zest Commercial Food Hub
The Cult Pantry,The Cult Pantry,Billed,"Jul 14, 2026 14:00","Jul 14, 2026 21:00",7.0,Community Futures Shared Commercial Kitchen,Space,Zest Commercial Food Hub
The Cult Pantry,The Cult Pantry,Billed,"Jul 14, 2026 14:00","Jul 14, 2026 21:00",7.0,20 Quart Mixer,Equipment,Zest Commercial Food Hub
The Cult Pantry,The Cult Pantry,Cancelled,"Jul 13, 2026 08:00","Jul 13, 2026 14:00",6.0,Zest Commercial Kitchen 3 (Non grease laden production),Space,Zest Commercial Food Hub
The Cult Pantry,The Cult Pantry,Cancelled,"Jul 13, 2026 08:00","Jul 13, 2026 14:00",6.0,Large Immersion Blender,Equipment,Zest Commercial Food Hub
The Cult Pantry,The Cult Pantry,Cancelled,"Jul 13, 2026 08:00","Jul 13, 2026 14:00",6.0,20 Quart Mixer,Equipment,Zest Commercial Food Hub
The Cult Pantry,The Cult Pantry,Cancelled,"Jul 13, 2026 08:00","Jul 13, 2026 14:00",6.0,Large robo coup,Equipment,Zest Commercial Food Hub
The Cult Pantry,The Cult Pantry,Cancelled,"Jul 13, 2026 08:00","Jul 13, 2026 14:00",6.0,Blast Chiller,Equipment,Zest Commercial Food Hub
The Cult Pantry,The Cult Pantry,Billed,"Jul  7, 2026 15:00","Jul  7, 2026 23:00",8.0,Zest Commercial Kitchen 3 (Non grease laden production),Space,Zest Commercial Food Hub
The Cult Pantry,The Cult Pantry,Billed,"Jul  7, 2026 15:00","Jul  7, 2026 23:00",8.0,Blast Chiller,Equipment,Zest Commercial Food Hub
The Cult Pantry,The Cult Pantry,Billed,"Jul  7, 2026 15:00","Jul  7, 2026 23:00",8.0,20 Quart Mixer,Equipment,Zest Commercial Food Hub
The Cult Pantry,The Cult Pantry,Billed,"Jul  6, 2026 08:00","Jul  6, 2026 15:00",7.0,Zest Commercial Kitchen 3 (Non grease laden production),Space,Zest Commercial Food Hub
The Cult Pantry,The Cult Pantry,Billed,"Jul  6, 2026 08:00","Jul  6, 2026 14:00",6.0,Large Immersion Blender,Equipment,Zest Commercial Food Hub
The Cult Pantry,The Cult Pantry,Billed,"Jul  6, 2026 08:00","Jul  6, 2026 14:00",6.0,20 Quart Mixer,Equipment,Zest Commercial Food Hub
The Cult Pantry,The Cult Pantry,Billed,"Jul  6, 2026 08:00","Jul  6, 2026 14:00",6.0,Large robo coup,Equipment,Zest Commercial Food Hub
The Cult Pantry,The Cult Pantry,Billed,"Jul  6, 2026 08:00","Jul  6, 2026 14:00",6.0,Blast Chiller,Equipment,Zest Commercial Food Hub
The Cult Pantry,The Cult Pantry,Billed,"Jun 30, 2026 15:30","Jun 30, 2026 21:30",6.0,Community Futures Shared Commercial Kitchen,Space,Zest Commercial Food Hub
The Cult Pantry,The Cult Pantry,Billed,"Jun 30, 2026 15:30","Jun 30, 2026 21:30",6.0,20 Quart Mixer,Equipment,Zest Commercial Food Hub
The Cult Pantry,The Cult Pantry,Billed,"Jun 29, 2026 08:00","Jun 29, 2026 14:00",6.0,Zest Commercial Kitchen 3 (Non grease laden production),Space,Zest Commercial Food Hub
The Cult Pantry,The Cult Pantry,Billed,"Jun 29, 2026 08:00","Jun 29, 2026 14:00",6.0,Large Immersion Blender,Equipment,Zest Commercial Food Hub
The Cult Pantry,The Cult Pantry,Billed,"Jun 29, 2026 08:00","Jun 29, 2026 14:00",6.0,20 Quart Mixer,Equipment,Zest Commercial Food Hub
The Cult Pantry,The Cult Pantry,Billed,"Jun 29, 2026 08:00","Jun 29, 2026 14:00",6.0,Large robo coup,Equipment,Zest Commercial Food Hub
The Cult Pantry,The Cult Pantry,Billed,"Jun 29, 2026 08:00","Jun 29, 2026 14:00",6.0,Blast Chiller,Equipment,Zest Commercial Food Hub
The Cult Pantry,The Cult Pantry,Billed,"Jun 22, 2026 08:00","Jun 22, 2026 14:00",6.0,Zest Commercial Kitchen 3 (Non grease laden production),Space,Zest Commercial Food Hub
The Cult Pantry,The Cult Pantry,Billed,"Jun 22, 2026 08:00","Jun 22, 2026 14:00",6.0,Large Immersion Blender,Equipment,Zest Commercial Food Hub
The Cult Pantry,The Cult Pantry,Billed,"Jun 22, 2026 08:00","Jun 22, 2026 14:00",6.0,20 Quart Mixer,Equipment,Zest Commercial Food Hub
The Cult Pantry,The Cult Pantry,Billed,"Jun 22, 2026 08:00","Jun 22, 2026 14:00",6.0,Large robo coup,Equipment,Zest Commercial Food Hub
The Cult Pantry,The Cult Pantry,Cancelled,"Jun 15, 2026 08:00","Jun 15, 2026 14:00",6.0,Zest Commercial Kitchen 3 (Non grease laden production),Space,Zest Commercial Food Hub
The Cult Pantry,The Cult Pantry,Cancelled,"Jun 15, 2026 08:00","Jun 15, 2026 14:00",6.0,Large Immersion Blender,Equipment,Zest Commercial Food Hub
The Cult Pantry,The Cult Pantry,Cancelled,"Jun 15, 2026 08:00","Jun 15, 2026 14:00",6.0,20 Quart Mixer,Equipment,Zest Commercial Food Hub
The Cult Pantry,The Cult Pantry,Cancelled,"Jun 15, 2026 08:00","Jun 15, 2026 14:00",6.0,Large robo coup,Equipment,Zest Commercial Food Hub
The Cult Pantry,The Cult Pantry,Billed,"Jun  8, 2026 08:00","Jun  8, 2026 14:00",6.0,Zest Commercial Kitchen 3 (Non grease laden production),Space,Zest Commercial Food Hub
The Cult Pantry,The Cult Pantry,Billed,"Jun  8, 2026 08:00","Jun  8, 2026 14:00",6.0,Large Immersion Blender,Equipment,Zest Commercial Food Hub
The Cult Pantry,The Cult Pantry,Billed,"Jun  8, 2026 08:00","Jun  8, 2026 14:00",6.0,20 Quart Mixer,Equipment,Zest Commercial Food Hub
The Cult Pantry,The Cult Pantry,Billed,"Jun  8, 2026 08:00","Jun  8, 2026 14:00",6.0,Large robo coup,Equipment,Zest Commercial Food Hub
The Cult Pantry,The Cult Pantry,Cancelled,"Jun  3, 2026 08:00","Jun  3, 2026 15:00",7.0,Zest Commercial Kitchen 3 (Non grease laden production),Space,Zest Commercial Food Hub
The Cult Pantry,The Cult Pantry,Cancelled,"Jun  3, 2026 08:00","Jun  3, 2026 15:00",7.0,Large Immersion Blender,Equipment,Zest Commercial Food Hub
The Cult Pantry,The Cult Pantry,Cancelled,"Jun  3, 2026 08:00","Jun  3, 2026 15:00",7.0,20 Quart Mixer,Equipment,Zest Commercial Food Hub
The Cult Pantry,The Cult Pantry,Cancelled,"Jun  3, 2026 08:00","Jun  3, 2026 15:00",7.0,Large robo coup,Equipment,Zest Commercial Food Hub
The Cult Pantry,The Cult Pantry,Billed,"Jun  1, 2026 08:00","Jun  1, 2026 16:00",8.0,Zest Commercial Kitchen 3 (Non grease laden production),Space,Zest Commercial Food Hub
The Cult Pantry,The Cult Pantry,Billed,"Jun  1, 2026 08:00","Jun  1, 2026 14:00",6.0,Large Immersion Blender,Equipment,Zest Commercial Food Hub
The Cult Pantry,The Cult Pantry,Billed,"Jun  1, 2026 08:00","Jun  1, 2026 14:00",6.0,20 Quart Mixer,Equipment,Zest Commercial Food Hub
The Cult Pantry,The Cult Pantry,Billed,"Jun  1, 2026 08:00","Jun  1, 2026 14:00",6.0,Large robo coup,Equipment,Zest Commercial Food Hub
The Cult Pantry,The Cult Pantry,Billed,"May 27, 2026 15:00","May 27, 2026 22:00",7.0,Zest Commercial Kitchen 3 (Non grease laden production),Space,Zest Commercial Food Hub
The Cult Pantry,The Cult Pantry,Billed,"May 27, 2026 15:00","May 27, 2026 22:00",7.0,Large Immersion Blender,Equipment,Zest Commercial Food Hub
The Cult Pantry,The Cult Pantry,Billed,"May 27, 2026 15:00","May 27, 2026 22:00",7.0,20 Quart Mixer,Equipment,Zest Commercial Food Hub
The Cult Pantry,The Cult Pantry,Billed,"May 27, 2026 15:00","May 27, 2026 22:00",7.0,Large robo coup,Equipment,Zest Commercial Food Hub
The Cult Pantry,The Cult Pantry,Billed,"May 25, 2026 08:00","May 25, 2026 16:00",8.0,Zest Commercial Kitchen 3 (Non grease laden production),Space,Zest Commercial Food Hub
The Cult Pantry,The Cult Pantry,Billed,"May 25, 2026 08:00","May 25, 2026 14:00",6.0,Large Immersion Blender,Equipment,Zest Commercial Food Hub
The Cult Pantry,The Cult Pantry,Billed,"May 25, 2026 08:00","May 25, 2026 14:00",6.0,20 Quart Mixer,Equipment,Zest Commercial Food Hub
The Cult Pantry,The Cult Pantry,Billed,"May 25, 2026 08:00","May 25, 2026 14:00",6.0,Large robo coup,Equipment,Zest Commercial Food Hub
The Cult Pantry,The Cult Pantry,Billed,"May 20, 2026 07:00","May 20, 2026 12:00",5.0,Zest Commercial Kitchen 3 (Non grease laden production),Space,Zest Commercial Food Hub
The Cult Pantry,The Cult Pantry,Billed,"May 20, 2026 07:00","May 20, 2026 12:00",5.0,20 Quart Mixer,Equipment,Zest Commercial Food Hub
The Cult Pantry,The Cult Pantry,Billed,"May 20, 2026 07:00","May 20, 2026 12:00",5.0,Large robo coup,Equipment,Zest Commercial Food Hub
The Cult Pantry,The Cult Pantry,Declined,"May  7, 2026 14:00","May  7, 2026 20:00",6.0,Zest Commercial Kitchen 3 (Non grease laden production),Space,Zest Commercial Food Hub
The Cult Pantry,The Cult Pantry,Declined,"May  7, 2026 14:00","May  7, 2026 20:00",6.0,Blast Chiller,Equipment,Zest Commercial Food Hub
The Cult Pantry,The Cult Pantry,Declined,"May  7, 2026 14:00","May  7, 2026 20:00",6.0,20 Quart Mixer,Equipment,Zest Commercial Food Hub
The Cult Pantry,The Cult Pantry,Billed,"Apr 29, 2026 14:00","Apr 29, 2026 18:00",4.0,Blast Chiller,Equipment,Zest Commercial Food Hub
The Cult Pantry,The Cult Pantry,Billed,"Apr 29, 2026 08:00","Apr 29, 2026 18:00",10.0,Zest Commercial Kitchen 3 (Non grease laden production),Space,Zest Commercial Food Hub
The Cult Pantry,The Cult Pantry,Billed,"Apr 29, 2026 08:00","Apr 29, 2026 18:00",10.0,20 Quart Mixer,Equipment,Zest Commercial Food Hub
The Cult Pantry,The Cult Pantry,Billed,"Apr 29, 2026 08:00","Apr 29, 2026 18:00",10.0,Large robo coup,Equipment,Zest Commercial Food Hub
The Cult Pantry,The Cult Pantry,Billed,"Apr 29, 2026 08:00","Apr 29, 2026 18:00",10.0,Large Immersion Blender,Equipment,Zest Commercial Food Hub
The Cult Pantry,The Cult Pantry,Submitted,"Apr 22, 2026 14:00","Apr 22, 2026 18:00",4.0,Blast Chiller,Equipment,Zest Commercial Food Hub
The Cult Pantry,The Cult Pantry,Submitted,"Apr 22, 2026 08:00","Apr 22, 2026 18:00",10.0,Zest Commercial Kitchen 3 (Non grease laden production),Space,Zest Commercial Food Hub
The Cult Pantry,The Cult Pantry,Submitted,"Apr 22, 2026 08:00","Apr 22, 2026 18:00",10.0,20 Quart Mixer,Equipment,Zest Commercial Food Hub
The Cult Pantry,The Cult Pantry,Submitted,"Apr 22, 2026 08:00","Apr 22, 2026 18:00",10.0,Large robo coup,Equipment,Zest Commercial Food Hub
The Cult Pantry,The Cult Pantry,Billed,"Apr 17, 2026 11:00","Apr 17, 2026 12:00",1.0,Zest Commercial Kitchen 3 (Non grease laden production),Space,Zest Commercial Food Hub
The Cult Pantry,The Cult Pantry,Billed,"Apr 17, 2026 11:00","Apr 17, 2026 12:00",1.0,Blast Chiller,Equipment,Zest Commercial Food Hub
The Cult Pantry,The Cult Pantry,Billed,"Apr 17, 2026 07:00","Apr 17, 2026 11:00",4.0,Zest Commercial Kitchen 3 (Non grease laden production),Space,Zest Commercial Food Hub
The Cult Pantry,The Cult Pantry,Billed,"Apr 17, 2026 07:00","Apr 17, 2026 11:00",4.0,Blast Chiller,Equipment,Zest Commercial Food Hub
The Cult Pantry,The Cult Pantry,Billed,"Apr 17, 2026 07:00","Apr 17, 2026 11:00",4.0,20 Quart Mixer,Equipment,Zest Commercial Food Hub
The Cult Pantry,The Cult Pantry,Billed,"Apr  1, 2026 16:00","Apr  1, 2026 23:00",7.0,Zest Commercial Kitchen 3 (Non grease laden production),Space,Zest Commercial Food Hub
The Cult Pantry,The Cult Pantry,Billed,"Apr  1, 2026 16:00","Apr  1, 2026 22:00",6.0,Blast Chiller,Equipment,Zest Commercial Food Hub
The Cult Pantry,The Cult Pantry,Billed,"Apr  1, 2026 16:00","Apr  1, 2026 22:00",6.0,20 Quart Mixer,Equipment,Zest Commercial Food Hub
The Cult Pantry,The Cult Pantry,Billed,"Apr  1, 2026 16:00","Apr  1, 2026 22:00",6.0,Large robo coup,Equipment,Zest Commercial Food Hub
The Cult Pantry,The Cult Pantry,Billed,"Mar 26, 2026 16:00","Mar 26, 2026 21:00",5.0,Zest Commercial Kitchen 3 (Non grease laden production),Space,Zest Commercial Food Hub
The Cult Pantry,The Cult Pantry,Billed,"Mar 26, 2026 16:00","Mar 26, 2026 21:00",5.0,Blast Chiller,Equipment,Zest Commercial Food Hub
The Cult Pantry,The Cult Pantry,Billed,"Mar 26, 2026 16:00","Mar 26, 2026 21:00",5.0,20 Quart Mixer,Equipment,Zest Commercial Food Hub
The Cult Pantry,The Cult Pantry,Billed,"Mar 26, 2026 16:00","Mar 26, 2026 21:00",5.0,Large robo coup,Equipment,Zest Commercial Food Hub
The Cult Pantry,The Cult Pantry,Billed,"Feb 20, 2026 11:00","Feb 20, 2026 12:00",1.0,Zest Commercial Kitchen 3 (Non grease laden production),Space,Zest Commercial Food Hub
The Cult Pantry,The Cult Pantry,Billed,"Feb 20, 2026 11:00","Feb 20, 2026 12:00",1.0,Blast Chiller,Equipment,Zest Commercial Food Hub
The Cult Pantry,The Cult Pantry,Billed,"Feb 20, 2026 11:00","Feb 20, 2026 12:00",1.0,20 Quart Mixer,Equipment,Zest Commercial Food Hub
Forget Me Not Microgreens,The Cult Pantry,Billed,"Feb 20, 2026 08:00","Feb 20, 2026 11:00",3.0,Zest Commercial Kitchen 3 (Non grease laden production),Space,Zest Commercial Food Hub
Forget Me Not Microgreens,The Cult Pantry,Billed,"Feb 20, 2026 08:00","Feb 20, 2026 11:00",3.0,Blast Chiller,Equipment,Zest Commercial Food Hub
Forget Me Not Microgreens,The Cult Pantry,Billed,"Feb 20, 2026 08:00","Feb 20, 2026 11:00",3.0,20 Quart Mixer,Equipment,Zest Commercial Food Hub
Forget Me Not Microgreens,The Cult Pantry,Billed,"Feb 20, 2026 08:00","Feb 20, 2026 11:00",3.0,Large robo coup,Equipment,Zest Commercial Food Hub
The Cult Pantry,The Cult Pantry,Billed,"Feb 19, 2026 19:00","Feb 19, 2026 22:00",3.0,Zest Commercial Kitchen 3 (Non grease laden production),Space,Zest Commercial Food Hub
The Cult Pantry,The Cult Pantry,Billed,"Feb 19, 2026 19:00","Feb 19, 2026 22:00",3.0,Blast Chiller,Equipment,Zest Commercial Food Hub
